{
    "total_runtime": 1339.4161977767944,
    "rules": {
        "simlr": {
            "mean-runtime": 172.82287049293518,
            "min-runtime": 166.83073663711548,
            "max-runtime": 181.37822699546814
        },
        "factor_analysis": {
            "mean-runtime": 3.346972703933716,
            "min-runtime": 3.346972703933716,
            "max-runtime": 3.346972703933716
        },
        "zifa": {
            "mean-runtime": 1267.2571698824565,
            "min-runtime": 1095.6398227214813,
            "max-runtime": 1337.7547149658203
        },
        "tsne": {
            "mean-runtime": 515.1821178197861,
            "min-runtime": 439.14435744285583,
            "max-runtime": 580.3254539966583
        },
        "pca": {
            "mean-runtime": 4.864229202270508,
            "min-runtime": 4.864229202270508,
            "max-runtime": 4.864229202270508
        },
        "cluster_results": {
            "mean-runtime": 3.2108978907267254,
            "min-runtime": 0.5697064399719238,
            "max-runtime": 4.600954294204712
        },
        "all": {
            "mean-runtime": 0.009120941162109375,
            "min-runtime": 0.009120941162109375,
            "max-runtime": 0.009120941162109375
        }
    },
    "files": {
        "analysis/dropout_present/simlr/melanomaS2_sim_loc0.5.csv": {
            "start-time": "Thu Jan 25 15:52:00 2018",
            "stop-time": "Thu Jan 25 15:55:02 2018",
            "duration": 181.37822699546814,
            "priority": 0,
            "resources": {
                "_cores": 1,
                "_nodes": 1
            }
        },
        "analysis/dropout_present/factor_analysis/melanomaS2_sim_loc3.csv": {
            "start-time": "Thu Jan 25 15:52:00 2018",
            "stop-time": "Thu Jan 25 15:52:04 2018",
            "duration": 3.346972703933716,
            "priority": 0,
            "resources": {
                "_cores": 1,
                "_nodes": 1
            }
        },
        "analysis/dropout_present/simlr/melanomaS2_sim_loc1.5.csv": {
            "start-time": "Thu Jan 25 15:52:00 2018",
            "stop-time": "Thu Jan 25 15:54:57 2018",
            "duration": 176.37935590744019,
            "priority": 0,
            "resources": {
                "_cores": 1,
                "_nodes": 1
            }
        },
        "analysis/dropout_present/block_zifa/melanomaS2_sim_loc2.5.csv": {
            "start-time": "Thu Jan 25 15:52:00 2018",
            "stop-time": "Thu Jan 25 16:13:56 2018",
            "duration": 1315.5790219306946,
            "priority": 0,
            "resources": {
                "_cores": 1,
                "_nodes": 1
            }
        },
        "analysis/dropout_present/tsne/melanomaS2_sim_loc2.csv": {
            "start-time": "Thu Jan 25 15:52:00 2018",
            "stop-time": "Thu Jan 25 16:01:41 2018",
            "duration": 580.3254539966583,
            "priority": 0,
            "resources": {
                "_cores": 1,
                "_nodes": 1
            }
        },
        "analysis/dropout_present/tsne/melanomaS2_sim_loc0.5.csv": {
            "start-time": "Thu Jan 25 15:52:00 2018",
            "stop-time": "Thu Jan 25 16:00:34 2018",
            "duration": 513.3741612434387,
            "priority": 0,
            "resources": {
                "_cores": 1,
                "_nodes": 1
            }
        },
        "analysis/dropout_present/block_zifa/melanomaS2_sim_loc1.csv": {
            "start-time": "Thu Jan 25 15:52:00 2018",
            "stop-time": "Thu Jan 25 16:13:44 2018",
            "duration": 1304.1319086551666,
            "priority": 0,
            "resources": {
                "_cores": 1,
                "_nodes": 1
            }
        },
        "analysis/dropout_present/simlr/melanomaS2_sim_loc2.5.csv": {
            "start-time": "Thu Jan 25 15:52:00 2018",
            "stop-time": "Thu Jan 25 15:54:47 2018",
            "duration": 166.83073663711548,
            "priority": 0,
            "resources": {
                "_cores": 1,
                "_nodes": 1
            }
        },
        "analysis/dropout_present/tsne/melanomaS2_sim_loc1.5.csv": {
            "start-time": "Thu Jan 25 15:52:00 2018",
            "stop-time": "Thu Jan 25 16:00:24 2018",
            "duration": 503.2918367385864,
            "priority": 0,
            "resources": {
                "_cores": 1,
                "_nodes": 1
            }
        },
        "analysis/dropout_present/tsne/melanomaS2_sim_loc2.5.csv": {
            "start-time": "Thu Jan 25 15:52:00 2018",
            "stop-time": "Thu Jan 25 16:00:51 2018",
            "duration": 530.9080739021301,
            "priority": 0,
            "resources": {
                "_cores": 1,
                "_nodes": 1
            }
        },
        "analysis/dropout_present/simlr/melanomaS2_sim_loc1.csv": {
            "start-time": "Thu Jan 25 15:52:01 2018",
            "stop-time": "Thu Jan 25 15:54:51 2018",
            "duration": 169.80435466766357,
            "priority": 0,
            "resources": {
                "_cores": 1,
                "_nodes": 1
            }
        },
        "analysis/dropout_present/block_zifa/melanomaS2_sim_loc2.csv": {
            "start-time": "Thu Jan 25 15:52:01 2018",
            "stop-time": "Thu Jan 25 16:12:33 2018",
            "duration": 1232.0388906002045,
            "priority": 0,
            "resources": {
                "_cores": 1,
                "_nodes": 1
            }
        },
        "analysis/dropout_present/tsne/melanomaS2_sim_loc1.csv": {
            "start-time": "Thu Jan 25 15:52:01 2018",
            "stop-time": "Thu Jan 25 16:00:45 2018",
            "duration": 524.048823595047,
            "priority": 0,
            "resources": {
                "_cores": 1,
                "_nodes": 1
            }
        },
        "analysis/dropout_present/simlr/melanomaS2_sim_loc2.csv": {
            "start-time": "Thu Jan 25 15:52:01 2018",
            "stop-time": "Thu Jan 25 15:54:56 2018",
            "duration": 174.9538562297821,
            "priority": 0,
            "resources": {
                "_cores": 1,
                "_nodes": 1
            }
        },
        "analysis/dropout_present/block_zifa/melanomaS2_sim_loc1.5.csv": {
            "start-time": "Thu Jan 25 15:52:01 2018",
            "stop-time": "Thu Jan 25 16:14:19 2018",
            "duration": 1337.7547149658203,
            "priority": 0,
            "resources": {
                "_cores": 1,
                "_nodes": 1
            }
        },
        "analysis/dropout_present/block_zifa/melanomaS2_sim_loc0.5.csv": {
            "start-time": "Thu Jan 25 15:52:01 2018",
            "stop-time": "Thu Jan 25 16:14:00 2018",
            "duration": 1318.3986604213715,
            "priority": 0,
            "resources": {
                "_cores": 1,
                "_nodes": 1
            }
        },
        "analysis/dropout_present/simlr/melanomaS2_sim_loc3.csv": {
            "start-time": "Thu Jan 25 15:52:04 2018",
            "stop-time": "Thu Jan 25 15:54:51 2018",
            "duration": 167.5906925201416,
            "priority": 0,
            "resources": {
                "_cores": 1,
                "_nodes": 1
            }
        },
        "analysis/dropout_present/pca/melanomaS2_sim_loc3.csv": {
            "start-time": "Thu Jan 25 15:54:47 2018",
            "stop-time": "Thu Jan 25 15:54:52 2018",
            "duration": 4.864229202270508,
            "priority": 0,
            "resources": {
                "_cores": 1,
                "_nodes": 1
            }
        },
        "analysis/dropout_present/block_zifa/melanomaS2_sim_loc3.csv": {
            "start-time": "Thu Jan 25 15:54:51 2018",
            "stop-time": "Thu Jan 25 16:13:07 2018",
            "duration": 1095.6398227214813,
            "priority": 0,